SET DEFINE OFF;
Insert into RAUSHAN.USER_DETAILS
   (USER_ID, FIRST_NAME, LAST_NAME, DATE_OF_BIRTH, USER_GENDER, USER_OCCUPATION, PHONE_NO, EMAIL_ID)
 Values
   ('101', 'RAVI', 'KUMAR', TO_DATE('04/29/2016 00:00:00', 'MM/DD/YYYY HH24:MI:SS'), 'MALE', 'SW ENG', 9891055171, 'raushan4you@gmail.com');
Insert into RAUSHAN.USER_DETAILS
   (USER_ID, FIRST_NAME, LAST_NAME, DATE_OF_BIRTH, USER_GENDER, USER_OCCUPATION, PHONE_NO, EMAIL_ID)
 Values
   ('102', 'ANUPAM', 'RAJLANI', TO_DATE('04/29/2016 00:00:00', 'MM/DD/YYYY HH24:MI:SS'), 'MALE', 'SW ENG', 9891055171, 'anupam.rajlani@gmail.com');
Insert into RAUSHAN.USER_DETAILS
   (USER_ID, FIRST_NAME, LAST_NAME, DATE_OF_BIRTH, USER_GENDER, USER_OCCUPATION, PHONE_NO, EMAIL_ID)
 Values
   ('103', 'PRIYA', 'KUMARI', TO_DATE('04/01/2016 00:00:00', 'MM/DD/YYYY HH24:MI:SS'), 'FEMALE', 'SW ENG', 9891123456, 'priya.kumari@gmail.com');
Insert into RAUSHAN.USER_DETAILS
   (USER_ID, FIRST_NAME, LAST_NAME, DATE_OF_BIRTH, USER_GENDER, USER_OCCUPATION, PHONE_NO, EMAIL_ID)
 Values
   ('104', 'RAHUL', 'KUMAR', TO_DATE('04/02/2010 00:00:00', 'MM/DD/YYYY HH24:MI:SS'), 'MALE', 'CIVIL ENG', 9891123456, 'rahul.kumar@gmail.com');
Insert into RAUSHAN.USER_DETAILS
   (USER_ID, FIRST_NAME, LAST_NAME, DATE_OF_BIRTH, USER_GENDER, USER_OCCUPATION, PHONE_NO, EMAIL_ID)
 Values
   ('105', 'RAVINDRA', 'SINGH', TO_DATE('04/01/2016 00:00:00', 'MM/DD/YYYY HH24:MI:SS'), 'MALE', 'ACCOUNTANT', 9899991234, 'ravindra.singh@gmail.com');
Insert into RAUSHAN.USER_DETAILS
   (USER_ID, FIRST_NAME, LAST_NAME, DATE_OF_BIRTH, USER_GENDER, USER_OCCUPATION, PHONE_NO, EMAIL_ID, AREA, CITY, ZIP_CODE, COUNTRY, CREATED_DATE, USER_ORGANIZATION)
 Values
   ('13', 'rahul', 'kumar', TO_DATE('08/25/1985 00:00:00', 'MM/DD/YYYY HH24:MI:SS'), 'male', 'SSE', 9891708188, 'rk865c@att.com', 'abc', 'abcc', '667888', 'India', TO_DATE('06/05/2016 14:50:38', 'MM/DD/YYYY HH24:MI:SS'), 'tech M');
COMMIT;


SET DEFINE OFF;
Insert into RAUSHAN.USER_LOGIN
   (USER_ID, PASS, STATUS, CREATED_DATE, LAST_MODIFIED_DATE)
 Values
   ('101', 'ravi', 'ACTIVE', TO_DATE('06/05/2016 08:56:33', 'MM/DD/YYYY HH24:MI:SS'), TO_DATE('06/05/2016 08:56:33', 'MM/DD/YYYY HH24:MI:SS'));
Insert into RAUSHAN.USER_LOGIN
   (USER_ID, PASS, STATUS, CREATED_DATE, LAST_MODIFIED_DATE)
 Values
   ('102', 'anupam', 'ACTIVE', TO_DATE('06/05/2016 08:56:49', 'MM/DD/YYYY HH24:MI:SS'), TO_DATE('06/05/2016 08:56:49', 'MM/DD/YYYY HH24:MI:SS'));
Insert into RAUSHAN.USER_LOGIN
   (USER_ID, PASS, STATUS, CREATED_DATE, LAST_MODIFIED_DATE)
 Values
   ('103', 'priya', 'ACTIVE', TO_DATE('06/05/2016 08:57:40', 'MM/DD/YYYY HH24:MI:SS'), TO_DATE('06/05/2016 08:57:40', 'MM/DD/YYYY HH24:MI:SS'));
Insert into RAUSHAN.USER_LOGIN
   (USER_ID, PASS, STATUS, CREATED_DATE, LAST_MODIFIED_DATE)
 Values
   ('104', 'rahul', 'ACTIVE', TO_DATE('06/05/2016 09:25:52', 'MM/DD/YYYY HH24:MI:SS'), TO_DATE('06/05/2016 09:25:52', 'MM/DD/YYYY HH24:MI:SS'));
Insert into RAUSHAN.USER_LOGIN
   (USER_ID, PASS, STATUS, CREATED_DATE, LAST_MODIFIED_DATE)
 Values
   ('105', 'ravindra', 'ACTIVE', TO_DATE('06/05/2016 09:26:15', 'MM/DD/YYYY HH24:MI:SS'), TO_DATE('06/05/2016 09:26:15', 'MM/DD/YYYY HH24:MI:SS'));
Insert into RAUSHAN.USER_LOGIN
   (USER_ID, PASS, STATUS, CREATED_DATE)
 Values
   ('13', 'd500ba', 'active', TO_DATE('06/05/2016 14:50:38', 'MM/DD/YYYY HH24:MI:SS'));
COMMIT;
SET DEFINE OFF;
Insert into RAUSHAN.REQUEST_DETAILS
   (REQUEST_ID, USER_ID, USER_NAME, USER_MOBILE, USER_EMAIL, ZIP_CODE, REQUEST_DESC, CATEGORY_ID, SUB_CATEGORY_ID, AUTH_FLAG, STATUS, SUPPORT_COUNT, COMPLAIN_FLAG, DISPLAY_FLAG, POST_DATE)
 Values
   ('30004', '102', 'Anupam', '9891123456', 'anupam.rajlani@gmail.com', '110074', 'Electricity cut off regularly for more than 5 hours during night', '60', '1017', 'A', 'ACTIVE', '1', '1', '1', TO_DATE('06/05/2016 15:43:47', 'MM/DD/YYYY HH24:MI:SS'));
Insert into RAUSHAN.REQUEST_DETAILS
   (REQUEST_ID, USER_ID, USER_NAME, USER_MOBILE, USER_EMAIL, ZIP_CODE, REQUEST_DESC, CATEGORY_ID, SUB_CATEGORY_ID, AUTH_FLAG, STATUS, COMPLAIN_FLAG, DISPLAY_FLAG, POST_DATE)
 Values
   ('30001', '101', 'Ravi', '9891055171', 'raushan4you@gmail.com', '110074', 'Electricity cut off from last one month', '60', '1016', 'A', 'ACTIVE', '1', '1', TO_DATE('04/05/2016 15:43:47', 'MM/DD/YYYY HH24:MI:SS'));
Insert into RAUSHAN.REQUEST_DETAILS
   (REQUEST_ID, USER_ID, USER_NAME, USER_MOBILE, USER_EMAIL, ZIP_CODE, REQUEST_DESC, CATEGORY_ID, SUB_CATEGORY_ID, AUTH_FLAG, STATUS, SUPPORT_COUNT, COMPLAIN_FLAG, DISPLAY_FLAG, POST_DATE)
 Values
   ('30002', '101', 'Ravi', '9891055171', 'raushan4you@gmail.com', '110074', 'Electricity cut off regularly for more than 5 hours during night', '60', '1017', 'A', 'ACTIVE', '1', '1', '1', TO_DATE('06/05/2016 15:43:47', 'MM/DD/YYYY HH24:MI:SS'));
Insert into RAUSHAN.REQUEST_DETAILS
   (REQUEST_ID, USER_ID, USER_NAME, USER_MOBILE, USER_EMAIL, ZIP_CODE, REQUEST_DESC, CATEGORY_ID, SUB_CATEGORY_ID, AUTH_FLAG, STATUS, SUPPORT_COUNT, COMPLAIN_FLAG, DISPLAY_FLAG, POST_DATE)
 Values
   ('30003', '102', 'Anupam', '9891123456', 'anupam.rajlani@gmail.com', '110074', 'Electricity cut off from last one month', '60', '1016', 'A', 'ACTIVE', '1', '1', '1', TO_DATE('06/05/2016 15:43:47', 'MM/DD/YYYY HH24:MI:SS'));
Insert into RAUSHAN.REQUEST_DETAILS
   (REQUEST_ID, USER_ID, USER_NAME, USER_MOBILE, USER_EMAIL, ZIP_CODE, REQUEST_DESC, CATEGORY_ID, SUB_CATEGORY_ID, AUTH_FLAG, STATUS, SUPPORT_COUNT, COMPLAIN_FLAG, DISPLAY_FLAG, POST_DATE)
 Values
   ('30005', '103', 'Priya', '9891123456', 'priya@gmail.com', '110074', 'Electricity cut off from last one month', '60', '1016', 'A', 'ACTIVE', '1', '1', '1', TO_DATE('06/03/2016 15:43:47', 'MM/DD/YYYY HH24:MI:SS'));
Insert into RAUSHAN.REQUEST_DETAILS
   (REQUEST_ID, USER_ID, USER_NAME, USER_MOBILE, USER_EMAIL, ZIP_CODE, REQUEST_DESC, CATEGORY_ID, SUB_CATEGORY_ID, AUTH_FLAG, STATUS, SUPPORT_COUNT, COMPLAIN_FLAG, DISPLAY_FLAG, POST_DATE)
 Values
   ('30006', '103', 'Priya', '9891123456', 'priya@gmail.com', '110074', 'Electricity cut off regularly for more than 5 hours during night', '60', '1017', 'A', 'ACTIVE', '1', '1', '1', TO_DATE('06/05/2016 15:43:47', 'MM/DD/YYYY HH24:MI:SS'));
Insert into RAUSHAN.REQUEST_DETAILS
   (REQUEST_ID, USER_ID, USER_NAME, USER_MOBILE, USER_EMAIL, ZIP_CODE, REQUEST_DESC, CATEGORY_ID, SUB_CATEGORY_ID, AUTH_FLAG, STATUS, SUPPORT_COUNT, COMPLAIN_FLAG, DISPLAY_FLAG, POST_DATE)
 Values
   ('30007', '104', 'Rahul', '9891123456', 'rahul@gmail.com', '110074', 'Electricity cut off from last one month', '60', '1016', 'A', 'ACTIVE', '1', '1', '1', TO_DATE('06/05/2016 15:43:47', 'MM/DD/YYYY HH24:MI:SS'));
Insert into RAUSHAN.REQUEST_DETAILS
   (REQUEST_ID, USER_ID, USER_NAME, USER_MOBILE, USER_EMAIL, ZIP_CODE, REQUEST_DESC, CATEGORY_ID, SUB_CATEGORY_ID, AUTH_FLAG, STATUS, SUPPORT_COUNT, COMPLAIN_FLAG, DISPLAY_FLAG, POST_DATE)
 Values
   ('30008', '104', 'Rahul', '9891123456', 'rahul@gmail.com', '110074', 'Electricity cut off regularly for more than 5 hours during night', '60', '1017', 'A', 'ACTIVE', '1', '1', '1', TO_DATE('06/03/2016 15:43:47', 'MM/DD/YYYY HH24:MI:SS'));
Insert into RAUSHAN.REQUEST_DETAILS
   (REQUEST_ID, USER_ID, USER_NAME, USER_MOBILE, USER_EMAIL, ZIP_CODE, REQUEST_DESC, CATEGORY_ID, SUB_CATEGORY_ID, AUTH_FLAG, STATUS, SUPPORT_COUNT, COMPLAIN_FLAG, DISPLAY_FLAG, POST_DATE)
 Values
   ('30009', '105', 'Ravindra', '9891123456', 'Ravindra@gmail.com', '110074', 'Electricity cut off from last one month', '60', '1016', 'A', 'ACTIVE', '1', '1', '1', TO_DATE('06/03/2016 15:43:47', 'MM/DD/YYYY HH24:MI:SS'));
Insert into RAUSHAN.REQUEST_DETAILS
   (REQUEST_ID, USER_ID, USER_NAME, USER_MOBILE, USER_EMAIL, ZIP_CODE, REQUEST_DESC, CATEGORY_ID, SUB_CATEGORY_ID, AUTH_FLAG, STATUS, SUPPORT_COUNT, COMPLAIN_FLAG, DISPLAY_FLAG, POST_DATE)
 Values
   ('30010', '105', 'Ravindra', '9891123456', 'Ravindra@gmail.com', '110074', 'Electricity cut off regularly for more than 5 hours during night', '60', '1017', 'A', 'ACTIVE', '1', '1', '1', TO_DATE('06/05/2016 15:43:47', 'MM/DD/YYYY HH24:MI:SS'));
Insert into RAUSHAN.REQUEST_DETAILS
   (REQUEST_ID, USER_ID, USER_NAME, USER_MOBILE, USER_EMAIL, ZIP_CODE, REQUEST_DESC, CATEGORY_ID, SUB_CATEGORY_ID, AUTH_FLAG, STATUS, SUPPORT_COUNT, COMPLAIN_FLAG, DISPLAY_FLAG, POST_DATE)
 Values
   ('30011', '101', 'Ravi', '9891055171', 'raushan4you@gmail.com', '110074', 'Unequal Pay scale & Priveleges of Women', '10', '1001', 'A', 'ACTIVE', '1', '1', '1', TO_DATE('06/03/2016 15:43:47', 'MM/DD/YYYY HH24:MI:SS'));
Insert into RAUSHAN.REQUEST_DETAILS
   (REQUEST_ID, USER_ID, USER_NAME, USER_MOBILE, USER_EMAIL, ZIP_CODE, REQUEST_DESC, CATEGORY_ID, SUB_CATEGORY_ID, AUTH_FLAG, STATUS, SUPPORT_COUNT, COMPLAIN_FLAG, DISPLAY_FLAG, POST_DATE)
 Values
   ('30012', '101', 'Ravi', '9891055171', 'raushan4you@gmail.com', '110074', 'Proper Education not provided under the age of 18 ', '10', '1002', 'A', 'ACTIVE', '1', '1', '1', TO_DATE('06/05/2016 15:43:47', 'MM/DD/YYYY HH24:MI:SS'));
Insert into RAUSHAN.REQUEST_DETAILS
   (REQUEST_ID, USER_ID, USER_NAME, USER_MOBILE, USER_EMAIL, ZIP_CODE, REQUEST_DESC, CATEGORY_ID, SUB_CATEGORY_ID, AUTH_FLAG, STATUS, SUPPORT_COUNT, COMPLAIN_FLAG, DISPLAY_FLAG, POST_DATE)
 Values
   ('30013', '101', 'Ravi', '9891055171', 'raushan4you@gmail.com', '110074', 'Small Child has been seen working in Factories and Hotels', '10', '1003', 'A', 'ACTIVE', '1', '1', '1', TO_DATE('06/05/2016 15:43:47', 'MM/DD/YYYY HH24:MI:SS'));
Insert into RAUSHAN.REQUEST_DETAILS
   (REQUEST_ID, USER_ID, USER_NAME, USER_MOBILE, USER_EMAIL, ZIP_CODE, REQUEST_DESC, CATEGORY_ID, SUB_CATEGORY_ID, AUTH_FLAG, STATUS, SUPPORT_COUNT, COMPLAIN_FLAG, DISPLAY_FLAG, POST_DATE)
 Values
   ('30014', '102', 'Anupam', '9891123456', 'anupam.rajlani@gmail.com', '110074', 'Unequal Pay scale & Priveleges of Women', '10', '1001', 'A', 'ACTIVE', '1', '1', '1', TO_DATE('06/05/2016 15:43:47', 'MM/DD/YYYY HH24:MI:SS'));
Insert into RAUSHAN.REQUEST_DETAILS
   (REQUEST_ID, USER_ID, USER_NAME, USER_MOBILE, USER_EMAIL, ZIP_CODE, REQUEST_DESC, CATEGORY_ID, SUB_CATEGORY_ID, AUTH_FLAG, STATUS, COMPLAIN_FLAG, DISPLAY_FLAG, POST_DATE)
 Values
   ('30015', '102', 'Anupam', '9891123456', 'anupam.rajlani@gmail.com', '110074', 'Proper Education not provided under the age of 18 ', '10', '1002', 'A', 'ACTIVE', '1', '1', TO_DATE('06/05/2016 15:43:47', 'MM/DD/YYYY HH24:MI:SS'));
Insert into RAUSHAN.REQUEST_DETAILS
   (REQUEST_ID, USER_ID, USER_NAME, USER_MOBILE, USER_EMAIL, ZIP_CODE, REQUEST_DESC, CATEGORY_ID, SUB_CATEGORY_ID, AUTH_FLAG, STATUS, COMPLAIN_FLAG, DISPLAY_FLAG, POST_DATE)
 Values
   ('30016', '102', 'Anupam', '9891123456', 'anupam.rajlani@gmail.com', '110074', 'Small Child has been seen working in Factories and Hotels', '10', '1003', 'A', 'ACTIVE', '1', '1', TO_DATE('06/05/2016 15:43:47', 'MM/DD/YYYY HH24:MI:SS'));
Insert into RAUSHAN.REQUEST_DETAILS
   (REQUEST_ID, USER_ID, USER_NAME, USER_MOBILE, USER_EMAIL, ZIP_CODE, REQUEST_DESC, CATEGORY_ID, SUB_CATEGORY_ID, AUTH_FLAG, STATUS, COMPLAIN_FLAG, DISPLAY_FLAG, POST_DATE)
 Values
   ('30019', '103', 'Priya', '9891123999', 'priya@gmail.com', '110071', 'Small Child has been seen working in Factories and Hotels', '10', '1003', 'A', 'ACTIVE', '1', '1', TO_DATE('06/05/2016 15:43:47', 'MM/DD/YYYY HH24:MI:SS'));
Insert into RAUSHAN.REQUEST_DETAILS
   (REQUEST_ID, USER_ID, USER_NAME, USER_MOBILE, USER_EMAIL, ZIP_CODE, REQUEST_DESC, CATEGORY_ID, SUB_CATEGORY_ID, AUTH_FLAG, STATUS, COMPLAIN_FLAG, DISPLAY_FLAG, POST_DATE)
 Values
   ('30018', '103', 'Priya', '9891123999', 'priya@gmail.com', '110071', 'Proper Education not provided under the age of 18 ', '10', '1002', 'A', 'ACTIVE', '1', '1', TO_DATE('06/05/2016 15:43:47', 'MM/DD/YYYY HH24:MI:SS'));
Insert into RAUSHAN.REQUEST_DETAILS
   (REQUEST_ID, USER_ID, USER_NAME, USER_MOBILE, USER_EMAIL, ZIP_CODE, REQUEST_DESC, CATEGORY_ID, SUB_CATEGORY_ID, AUTH_FLAG, STATUS, COMPLAIN_FLAG, DISPLAY_FLAG, POST_DATE)
 Values
   ('30017', '103', 'Priya', '9891123999', 'priya@gmail.com', '110071', 'Unequal Pay scale & Priveleges of Women', '10', '1001', 'A', 'ACTIVE', '1', '1', TO_DATE('06/05/2016 15:43:47', 'MM/DD/YYYY HH24:MI:SS'));
Insert into RAUSHAN.REQUEST_DETAILS
   (REQUEST_ID, USER_ID, USER_NAME, USER_MOBILE, USER_EMAIL, ZIP_CODE, REQUEST_DESC, CATEGORY_ID, SUB_CATEGORY_ID, AUTH_FLAG, STATUS, COMPLAIN_FLAG, DISPLAY_FLAG, POST_DATE)
 Values
   ('30022', '104', 'Rahul', '9891123999', 'rahul@gmail.com', '110022', 'Small Child has been seen working in Factories and Hotels', '10', '1003', 'A', 'ACTIVE', '1', '1', TO_DATE('06/05/2016 15:43:47', 'MM/DD/YYYY HH24:MI:SS'));
Insert into RAUSHAN.REQUEST_DETAILS
   (REQUEST_ID, USER_ID, USER_NAME, USER_MOBILE, USER_EMAIL, ZIP_CODE, REQUEST_DESC, CATEGORY_ID, SUB_CATEGORY_ID, AUTH_FLAG, STATUS, COMPLAIN_FLAG, DISPLAY_FLAG, POST_DATE)
 Values
   ('30021', '104', 'Rahul', '9891123999', 'rahul@gmail.com', '110022', 'Proper Education not provided under the age of 18 ', '10', '1002', 'A', 'ACTIVE', '1', '1', TO_DATE('06/05/2016 15:43:47', 'MM/DD/YYYY HH24:MI:SS'));
Insert into RAUSHAN.REQUEST_DETAILS
   (REQUEST_ID, USER_ID, USER_NAME, USER_MOBILE, USER_EMAIL, ZIP_CODE, REQUEST_DESC, CATEGORY_ID, SUB_CATEGORY_ID, AUTH_FLAG, STATUS, COMPLAIN_FLAG, DISPLAY_FLAG, POST_DATE)
 Values
   ('30020', '104', 'Rahul', '9891123999', 'rahul@gmail.com', '110022', 'Unequal Pay scale & Priveleges of Women', '10', '1001', 'A', 'ACTIVE', '1', '1', TO_DATE('06/05/2016 15:43:47', 'MM/DD/YYYY HH24:MI:SS'));
COMMIT;

SET DEFINE OFF;
Insert into RAUSHAN.REQ_CATEGORY
   (CATEGORY_ID, CATEGORY_NAME, CATEGORY_RANK, STATUS)
 Values
   ('50', 'Dept of Information Technology', '10', 'ACTIVE');
Insert into RAUSHAN.REQ_CATEGORY
   (CATEGORY_ID, CATEGORY_NAME, CATEGORY_RANK, STATUS)
 Values
   ('60', 'Dept of Power & Supply', '6', 'ACTIVE');
Insert into RAUSHAN.REQ_CATEGORY
   (CATEGORY_ID, CATEGORY_NAME, CATEGORY_RANK, STATUS)
 Values
   ('70', 'Dept of Crime', '4', 'ACTIVE');
Insert into RAUSHAN.REQ_CATEGORY
   (CATEGORY_ID, CATEGORY_NAME, CATEGORY_RANK, STATUS)
 Values
   ('10', 'Dept of Women & Child Development', '7', 'ACTIVE');
Insert into RAUSHAN.REQ_CATEGORY
   (CATEGORY_ID, CATEGORY_NAME, CATEGORY_RANK, STATUS)
 Values
   ('20', 'Dept of Food & Health', '8', 'ACTIVE');
Insert into RAUSHAN.REQ_CATEGORY
   (CATEGORY_ID, CATEGORY_NAME, CATEGORY_RANK, STATUS)
 Values
   ('30', 'Dept of Environment', '5', 'ACTIVE');
Insert into RAUSHAN.REQ_CATEGORY
   (CATEGORY_ID, CATEGORY_NAME, CATEGORY_RANK, STATUS)
 Values
   ('40', 'Dept of Communication', '9', 'ACTIVE');
Insert into RAUSHAN.REQ_CATEGORY
   (CATEGORY_ID, CATEGORY_NAME, CATEGORY_RANK, STATUS)
 Values
   ('80', 'Dept of Water Suppy', '2', 'ACTIVE');
Insert into RAUSHAN.REQ_CATEGORY
   (CATEGORY_ID, CATEGORY_NAME, CATEGORY_RANK, STATUS)
 Values
   ('90', 'Dept of Public Transport', '3', 'ACTIVE');
Insert into RAUSHAN.REQ_CATEGORY
   (CATEGORY_ID, CATEGORY_NAME, CATEGORY_RANK, STATUS)
 Values
   ('100', 'Dept of Health and Hygiene', '1', 'ACTIVE');
COMMIT;

SET DEFINE OFF;
Insert into RAUSHAN.REQ_SUB_CATEGORY
   (SUB_CATEGORY_ID, CATEGORY_ID, SUB_CATEGORY_NAME, SUB_CATEGORY_RANK, STATUS)
 Values
   ('1001', '10', 'Women Rights', '1', 'ACTIVE');
Insert into RAUSHAN.REQ_SUB_CATEGORY
   (SUB_CATEGORY_ID, CATEGORY_ID, SUB_CATEGORY_NAME, SUB_CATEGORY_RANK, STATUS)
 Values
   ('1002', '10', 'Child Rights', '2', 'ACTIVE');
Insert into RAUSHAN.REQ_SUB_CATEGORY
   (SUB_CATEGORY_ID, CATEGORY_ID, SUB_CATEGORY_NAME, SUB_CATEGORY_RANK, STATUS)
 Values
   ('1003', '10', 'Child Labour', '3', 'ACTIVE');
Insert into RAUSHAN.REQ_SUB_CATEGORY
   (SUB_CATEGORY_ID, CATEGORY_ID, SUB_CATEGORY_NAME, SUB_CATEGORY_RANK, STATUS)
 Values
   ('1004', '20', 'Food and Drug Safety', '1', 'ACTIVE');
Insert into RAUSHAN.REQ_SUB_CATEGORY
   (SUB_CATEGORY_ID, CATEGORY_ID, SUB_CATEGORY_NAME, SUB_CATEGORY_RANK, STATUS)
 Values
   ('1005', '20', 'Street Foods', '2', 'ACTIVE');
Insert into RAUSHAN.REQ_SUB_CATEGORY
   (SUB_CATEGORY_ID, CATEGORY_ID, SUB_CATEGORY_NAME, SUB_CATEGORY_RANK, STATUS)
 Values
   ('1006', '20', 'Certified Food Products ', '3', 'ACTIVE');
Insert into RAUSHAN.REQ_SUB_CATEGORY
   (SUB_CATEGORY_ID, CATEGORY_ID, SUB_CATEGORY_NAME, SUB_CATEGORY_RANK, STATUS)
 Values
   ('1007', '30', 'Global Warming', '1', 'ACTIVE');
Insert into RAUSHAN.REQ_SUB_CATEGORY
   (SUB_CATEGORY_ID, CATEGORY_ID, SUB_CATEGORY_NAME, SUB_CATEGORY_RANK, STATUS)
 Values
   ('1008', '30', 'Cutting of Trees', '2', 'ACTIVE');
Insert into RAUSHAN.REQ_SUB_CATEGORY
   (SUB_CATEGORY_ID, CATEGORY_ID, SUB_CATEGORY_NAME, SUB_CATEGORY_RANK, STATUS)
 Values
   ('1009', '30', 'Animal & Environment Abuse ', '3', 'ACTIVE');
Insert into RAUSHAN.REQ_SUB_CATEGORY
   (SUB_CATEGORY_ID, CATEGORY_ID, SUB_CATEGORY_NAME, SUB_CATEGORY_RANK, STATUS)
 Values
   ('1010', '30', 'Environmental Pollution', '4', 'ACTIVE');
Insert into RAUSHAN.REQ_SUB_CATEGORY
   (SUB_CATEGORY_ID, CATEGORY_ID, SUB_CATEGORY_NAME, SUB_CATEGORY_RANK, STATUS)
 Values
   ('1011', '30', 'Environmental Issues ', '5', 'ACTIVE');
Insert into RAUSHAN.REQ_SUB_CATEGORY
   (SUB_CATEGORY_ID, CATEGORY_ID, SUB_CATEGORY_NAME, SUB_CATEGORY_RANK, STATUS)
 Values
   ('1012', '40', 'Misuse of Social Network sites', '1', 'ACTIVE');
Insert into RAUSHAN.REQ_SUB_CATEGORY
   (SUB_CATEGORY_ID, CATEGORY_ID, SUB_CATEGORY_NAME, SUB_CATEGORY_RANK, STATUS)
 Values
   ('1013', '40', 'Unrelevant Posts', '2', 'ACTIVE');
Insert into RAUSHAN.REQ_SUB_CATEGORY
   (SUB_CATEGORY_ID, CATEGORY_ID, SUB_CATEGORY_NAME, SUB_CATEGORY_RANK, STATUS)
 Values
   ('1014', '50', 'Cyber Crime', '1', 'ACTIVE');
Insert into RAUSHAN.REQ_SUB_CATEGORY
   (SUB_CATEGORY_ID, CATEGORY_ID, SUB_CATEGORY_NAME, SUB_CATEGORY_RANK, STATUS)
 Values
   ('1015', '50', 'Uses of Pirated Softwares', '2', 'ACTIVE');
Insert into RAUSHAN.REQ_SUB_CATEGORY
   (SUB_CATEGORY_ID, CATEGORY_ID, SUB_CATEGORY_NAME, SUB_CATEGORY_RANK, STATUS)
 Values
   ('1016', '60', 'Electricity Break Down', '1', 'ACTIVE');
Insert into RAUSHAN.REQ_SUB_CATEGORY
   (SUB_CATEGORY_ID, CATEGORY_ID, SUB_CATEGORY_NAME, SUB_CATEGORY_RANK, STATUS)
 Values
   ('1017', '60', 'Bad Supply of Electricity', '2', 'ACTIVE');
Insert into RAUSHAN.REQ_SUB_CATEGORY
   (SUB_CATEGORY_ID, CATEGORY_ID, SUB_CATEGORY_NAME, SUB_CATEGORY_RANK, STATUS)
 Values
   ('1018', '70', 'Theft', '1', 'ACTIVE');
Insert into RAUSHAN.REQ_SUB_CATEGORY
   (SUB_CATEGORY_ID, CATEGORY_ID, SUB_CATEGORY_NAME, SUB_CATEGORY_RANK, STATUS)
 Values
   ('1019', '70', 'Bank Robbery', '2', 'ACTIVE');
Insert into RAUSHAN.REQ_SUB_CATEGORY
   (SUB_CATEGORY_ID, CATEGORY_ID, SUB_CATEGORY_NAME, SUB_CATEGORY_RANK, STATUS)
 Values
   ('1020', '70', 'Snatching', '3', 'ACTIVE');
Insert into RAUSHAN.REQ_SUB_CATEGORY
   (SUB_CATEGORY_ID, CATEGORY_ID, SUB_CATEGORY_NAME, SUB_CATEGORY_RANK, STATUS)
 Values
   ('1021', '70', 'Fake use of Currency', '4', 'ACTIVE');
Insert into RAUSHAN.REQ_SUB_CATEGORY
   (SUB_CATEGORY_ID, CATEGORY_ID, SUB_CATEGORY_NAME, SUB_CATEGORY_RANK, STATUS)
 Values
   ('1022', '70', 'Illegal Imports & Exports', '5', 'ACTIVE');
Insert into RAUSHAN.REQ_SUB_CATEGORY
   (SUB_CATEGORY_ID, CATEGORY_ID, SUB_CATEGORY_NAME, SUB_CATEGORY_RANK, STATUS)
 Values
   ('1023', '80', 'Proper Supply of Water', '1', 'ACTIVE');
Insert into RAUSHAN.REQ_SUB_CATEGORY
   (SUB_CATEGORY_ID, CATEGORY_ID, SUB_CATEGORY_NAME, SUB_CATEGORY_RANK, STATUS)
 Values
   ('1024', '80', 'Clean Drinking Water', '2', 'ACTIVE');
Insert into RAUSHAN.REQ_SUB_CATEGORY
   (SUB_CATEGORY_ID, CATEGORY_ID, SUB_CATEGORY_NAME, SUB_CATEGORY_RANK, STATUS)
 Values
   ('1025', '80', 'Faulty Meter connection', '3', 'ACTIVE');
Insert into RAUSHAN.REQ_SUB_CATEGORY
   (SUB_CATEGORY_ID, CATEGORY_ID, SUB_CATEGORY_NAME, SUB_CATEGORY_RANK, STATUS)
 Values
   ('1026', '90', 'Lack of Public Buses', '1', 'ACTIVE');
Insert into RAUSHAN.REQ_SUB_CATEGORY
   (SUB_CATEGORY_ID, CATEGORY_ID, SUB_CATEGORY_NAME, SUB_CATEGORY_RANK, STATUS)
 Values
   ('1027', '90', 'Overrated Auto Charges', '2', 'ACTIVE');
Insert into RAUSHAN.REQ_SUB_CATEGORY
   (SUB_CATEGORY_ID, CATEGORY_ID, SUB_CATEGORY_NAME, SUB_CATEGORY_RANK, STATUS)
 Values
   ('1028', '90', 'Lack of Proper Connectivity', '3', 'ACTIVE');
Insert into RAUSHAN.REQ_SUB_CATEGORY
   (SUB_CATEGORY_ID, CATEGORY_ID, SUB_CATEGORY_NAME, SUB_CATEGORY_RANK, STATUS)
 Values
   ('1029', '100', 'Proper Sanitations', '1', 'ACTIVE');
Insert into RAUSHAN.REQ_SUB_CATEGORY
   (SUB_CATEGORY_ID, CATEGORY_ID, SUB_CATEGORY_NAME, SUB_CATEGORY_RANK, STATUS)
 Values
   ('1030', '100', 'Proper Drainage', '2', 'ACTIVE');
Insert into RAUSHAN.REQ_SUB_CATEGORY
   (SUB_CATEGORY_ID, CATEGORY_ID, SUB_CATEGORY_NAME, SUB_CATEGORY_RANK, STATUS)
 Values
   ('1031', '100', 'Environment Cleanliness', '3', 'ACTIVE');
COMMIT;


SET DEFINE OFF;
Insert into RAUSHAN.USER_LOGIN_DATA
   (USER_ID, LOGIN_TIME, STATUS)
 Values
   ('13', TO_DATE('06/05/2016 14:52:41', 'MM/DD/YYYY HH24:MI:SS'), 'ACTIVE');
Insert into RAUSHAN.USER_LOGIN_DATA
   (USER_ID, LOGIN_TIME, LOGOUT_TIME, STATUS)
 Values
   ('102', TO_DATE('06/05/2016 10:41:42', 'MM/DD/YYYY HH24:MI:SS'), TO_DATE('06/05/2016 10:41:58', 'MM/DD/YYYY HH24:MI:SS'), 'ACTIVE');
Insert into RAUSHAN.USER_LOGIN_DATA
   (USER_ID, LOGIN_TIME, LOGOUT_TIME, STATUS)
 Values
   ('105', TO_DATE('06/05/2016 10:46:25', 'MM/DD/YYYY HH24:MI:SS'), TO_DATE('06/05/2016 10:46:36', 'MM/DD/YYYY HH24:MI:SS'), 'ACTIVE');
Insert into RAUSHAN.USER_LOGIN_DATA
   (USER_ID, LOGIN_TIME, STATUS)
 Values
   ('101', TO_DATE('06/05/2016 15:32:57', 'MM/DD/YYYY HH24:MI:SS'), 'active');
COMMIT;



